UserName,Validity,Version,Link
almligy20118,1735669800000,Any,fb.com/jewelshkjony
rathababu398,1735669800000,Any,t.me/Mangalcharankisku
sunilbhaikachhvai,1735669800000,Any,t.me/jewelshkjony
ashishlambat5,1735669800000,Any,Awii Developer
kuldeepilaniya,1735669800000,Any,t.me/jewelshkjony
u11d59d31ii12p20o22k,1735669800000,Any,t.me/jewelshkjony
arian_ajhapur,1735669800000,Any,t.me/t.me/Comeingsoo0n
Indiandeepaklodhi,1735669800000,Any,t.me/t.me/Deepaklodhi0
jjrj2308,1735669800000,Any,t.me/JRuvalcaba
shaikhirfanali143,1735669800000,Any,t.me/Decoder360
Test2,1735669800000,Any,t.me/t.me/Deepaklodhi0
Test3,1735669800000,Any,t.me/t.me/Deepaklodhi0
Test4,1735669800000,Any,t.me/t.me/Deepaklodhi0
Test5,1735669800000,Any,t.me/t.me/Deepaklodhi0
